TITLE,ASIN,PRICE
"Gencywe Crystal Whiskey Glasses Set of 8(Buy 6, get 2 Free), 11 OZ Old Fashioned Whiskey Glasses, Bourbon Cocktail Rocks Glasses, Clear Bar Glasses for Drinking Scotch Vodka Tequila Rum Gift for Men",B0BM765SMY,$19.99
"Gencywe 2 Pack Martini Glasses, 8 Ounce Crystal Cocktail Glasses, Martini Drinking Glasses, Hand Blown Stemless Cocktail Glassware for Bar, Martini, Cosmopolitan, Manhattan, Gimlet, Pisco Sour, Brandy",B0C28J52WJ,$9.99
"Gencywe 8 Pack Drinking Glasses, 4pcs Highball Glasses (11oz) & 4pcs Rocks Glasses (6oz), Vintage Glass Cups, Elegant Ribbed Glassware, Iced Coffee Glasses, Glass Tumbler for Cocktail, Whiskey, Juice",B0BLLQTCQV,$20.99
"Large Bedside Carafe and Glass Set, Mouthwash Container, 28 OZ Pitcher, Vintage Glass Bedside Water Serving Carafe for Kitchen, Clear Mouthwash Dispenser Bottle for Bathroom, Mouthwash Decanter",B0BNKVCJLT,$11.99
"Gencywe 6 Pack Shot Glasses Set with Heavy Base, 1.6 oz Clear Shot Glasses Bulk, Small Whiskey Shot Glass for Vodka, Whiskey, Tequila, Espressos, Spirits & Liquors",B0BL8BJTKR,$8.99
"Gencywe Double Walled Espresso Cups Set of 4 (50% Thicker), 3 Ounce Clear Expresso Coffee Mugs, Espresso Shot Glasses, Double Wall Insulated Espresso Cups Suit for Espresso Machine, Microwave Safe",B0C4FPWF3T,$9.99
"Gencywe Unbreakable Cereal Bowls Set of 6, 24 OZ Wheat Straw Bowls, Microwave & Dishwasher Safe, BPA-Free, Dessert Bowls for Cereal, Serving, Soup, Oatmeal, Pasta, Salad, Lightweight Soup Bowls",B0BL76K358,$9.99
"Gencywe 8 Pack Salad Dressing Container To Go(Buy 6, get 2 Free), 1.6oz Stainless Steel Condiment Cup Containers with Lids, Reusable Small Containers with Silicone Lids, Leakproof Dipping Sauce Cups",B0BJ2ZVG5N,$8.99
"Morandi Color Large Ceramic Bowls Set of 4, 30 Ounce Cereal Bowls, Soup Bowls Set for Kitchen, Salad Oatmeal Bowls, Serving Bowls for Nut, Pasta, Soup, Ramen, Fruit, Dishwasher & Microwave Safe",B0CLS9SZG3,$20.99
"Gencywe Glass Storage Jars with Bamboo Lid, 27 OZ Airtight Food Storage Jar with Labels, Clear Kitchen Canisters for Candy, Cookie, Rice, Coffee Beans, Snacks, Spices",B0BN35LN44,$24.99
"40 Pack Plastic Jars with Lids, Gencywe 8 oz Clear Slime Cosmetics Containers with Pen and Labels, Leakproof Storage Jars, PET Empty Jars with Black Lids for Kitchen Cookie Candy Spices Dry Food Cream",B0BM76SKHY,$23.99
"4 Pack Ceramic Spoon Rest with Metal Holder, Gencywe 4.8 inch Spoon Holder for Kitchen, Spoon Rest for Stove Top, Coffee Spoon Rest for Spoons, Ladles, Tong, Cooking Utensil Rest, Housewarming Gifts",B0BXXXWCDC,$14.99
"(12 Pack x 20 Sets) Gencywe Stackable Cupcake Carrier with 240 Pack Cupcake Liners, Plastic Boxes for 12 Cupcakes, High Tall Dome Lid, Clear Disposable Cupcake Trays/ Containers/ Holders",B0B96BN7F5,$24.99
"Gencywe (24 Pack x 10 Sets) Stackable Cupcake Carrier Holders with 240 Pack Cupcake Liners, Plastic Cupcake Boxes Holders for 24 Cupcakes, High Tall Dome Lid Cupcake Containers, Clear Cupcake Trays",B0BL86T1T7,$24.99
"(12 Pack x 30 Sets) Gencywe Mini Cupcake Containers with 375 Pack Cupcake Liners, Plastic Cupcake Holder with High Dome, Stackable Mini Cupcake Boxes Carrier, Clear Disposable Cupcake Trays -MINI SIZE",B0CPC1RL21,$17.99
