TITLE,CODE,PRICE
Halloween 3-Movie Collection [Blu-ray] [2022] [Region Free],B0BH8XV5PG,£36.00
Fawlty Towers - The Complete Collection (Remastered) [DVD] [1975],B002KSA3XE,£24.00
Horizon Forbidden West (PS5),B09FBCRKC9,£60.00
"Marvel's Spider-Man Miles Morales — PlayStation 5, English Version",B089X4XCLB,£45.00
Pokemon Shield - Nintendo Switch,B07DMB257X,£96.00
Hyrule Warriors: Age of Calamity (Nintendo Switch),B08HP4ZGKP,£87.50
Blade Runner: The Final Cut [4K Ultra-HD] [1982] [Blu-ray] [2017] [Region Free],B074SGJHCN,£36.00
The Shining [Extended Cut] [4K Ultra-HD] [1980] [Blu-ray] [2019],B07T98Q7T4,£36.00
Dune [4K Ultra-HD] [Blu-ray] [2021] [Region Free],B09JT4FSYR,£36.00
An Inspector Calls [DVD],B0144E0SW2,£17.00
Star Wars JEDI: Fallen Order (PS4),B07QN7HVMH,£24.00
Assassins Creed Valhalla PS5,B08MRDDQXD,£30.00
LEGO Harry Potter Collection (PS4),B01LYGKEQY,£30.00
Lewis - Series 1-9 [DVD] [2015],B014JDV6BU,£84.00
Tom And Jerry: Complete Volumes 1-6 [DVD] [2006],B000I0QSOO,£30.00
The Fan [Dual Format] [Blu-ray],B09MDN52ZM,£30.00
Demon’s Souls - PlayStation 5,B089X44HC8,£75.00
Rayman Legends Definitive Edition (Nintendo Switch),B06ZYL2D66,£45.00
The Witcher 3 Game of the Year Edition (PS4),B01JYW2F1G,£24.00
Call of Duty®: Black Ops Cold War (PS4),B07SKJBZQF,£36.00
Pink Floyd - Live at Pompeii [DVD] [2003],B00008S7KC,£17.00
LEGO City Undercover (Nintendo Switch),B01MXTK60H,£54.00
The Legend Of Zelda: Skyward Sword (Nintendo Switch),B08X2HNT4D,£96.00
Battlefield 2042 (PS5),B096YSSTM3,£30.00
Star Wars Episode V: The Empire Strikes Back [Blu-ray] [2020] [Region Free],B0851LZP9C,£36.00
Friends: The Complete Series [Blu-ray] [2002] [1994] [Region Free],B0083SEZM0,£66.00
Brassic [DVD] [2019],B07WLY31GC,£17.00
Joker [Blu-ray] [2019] [Region Free],B07YGR2JSP,£17.00
The Texas Chainsaw Massacre (4K UHD) [Blu-ray],B0BTHTTT8Z,£45.00
Mario Tennis Aces (Nintendo Switch),B07BHGDR4L,£75.00
Marvel's Avengers (PS4),B07SVNGBBF,£24.00
PGA 2K23 - Xbox Series X / Xbox One,B0BBH2432S,£36.00
Ace Combat 7: Skies Unknown (PS4),B073FFRVKQ,£36.00
Paw Patrol: On a roll! (Nintendo Switch),B07FR45NFR,£45.00
Riders Republic (PS5),B09NMM2SK8,£36.00
My Universe: Pet Clinic (Nintendo Switch),B08FCXW7HJ,£60.00
Call of Duty: Modern Warfare (PS4),B07SGSYQ3P,£17.00
Assassin's Creed Valhalla (PS4),B08CNN7KF8,£24.00
Pokemon Sword - Nintendo Switch,B07DMFDC6W,£96.00
Crash Bandicoot N.Sane Trilogy (PS4),B07H4SG96N,£36.00
Wreckfest - PlayStation 5,B091BYX2HY,£36.00
Crash™ Team Racing Nitro-Fueled (PS4),B07L4F8LJW,£45.00
Microsoft Xbox One Minecraft Game (Xbox One),B07LGF1278,£45.00
Super Mario Maker 2 (Nintendo Switch),B07NSSHPFN,£75.00
Call of Duty: Modern Warfare II - PS4,B0B3JVSGGZ,£54.00
Kena: Bridge of Spirits - Deluxe Edition (PS5),B09H7V5WM2,£45.00
Final Fantasy X/X-2 HD Remaster (PS4),B00R10WZHS,£36.00
The Crew 2 (PS4),B072K4RBRN,£30.00
SEGA Mega Drive Classics (PS4),B07D9TFK6W,£36.00
Assassin's Creed Origins (PS4),B072MQT2HV,£17.00
Elder Scrolls V: Skyrim Special Edition (PS4),B01GV7Y1SM,£30.00
NERF Legends (PS5),B09CHXHQRB,£24.00
Terraria (Nintendo Switch),B07QJBS3T4,£54.00
Rayman Legends (PS4),B00HFUHDNU,£30.00
Lego Ninjago Movie Game (Nintendo Switch),B073P5CH5J,£45.00
Call of Duty: WWII (Xbox One),B071RFSHCN,£17.00
Five Nights At Freddy's: Core Collection (Xbox One/),B08LLPD9SZ,£45.00
Judgment (PS5),B08WDLP8L9,£30.00
Pokken Tournament DX (Nintendo Switch),B072X4LP5Z,£90.00
Pink Floyd - The Wall [DVD] [1982] [2000],B00004CZIZ,£17.00
Nintendo Pokemon Moon,B01CD3N50S,£54.00
( Nintendo Switch) Mario Golf Super Rush,B08X2L4X8P,£75.00
Ashes To Ashes: Series 1 [DVD],B001265O6G,£17.00
Lost: Season 1-6 [DVD],B0036DE0Q8,£45.00
Killjoys Season 1-5 [Blu-ray] [2019] [Region Free],B082LCMXKC,£84.00
Back To The Future: The Ultimate Trilogy (Blu-ray) [2020] [Region Free],B08GXY57W4,£24.00
Fifty Shades: 3-Movie Boxset [DVD] [2018],B07C5LQ76J,£17.00
Cadfael - The Complete Collection [DVD],B004JSAVM6,£24.00
Disney & Pixar's Toy Story 1-4 Boxset [DVD] [2019],B07SJ1TQW8,£24.00
Spring And Port Wine [DVD],B001NDT9VE,£17.00
Chernobyl - 2019 Sky Atlantic Drama - Blu-ray,B07SRF34B2,£36.00
Crash Bandicoot™ 4: It’s About Time (Xbox One) (incl. Xbox Series X|S Digital Upgrade),B07SKJ9GJT,£45.00
Mortal Kombat 11 Ultimate (PS5),B08KVFZQPL,£36.00
FIFA 22 (PS4),B0976FRST1,£24.00
Street Fighter 30th Anniversar (PS4),B07B4JNCLG,£30.00
Spirit: Lucky's Big Adventure (Nintendo Switch),B08VG23D1D,£36.00
Babylon 5: The Ultimate Collection + The Lost Tales [DVD] [1994],B000WDSRG4,£105.00
Downton Abbey: A New Era [Blu-ray] [2022] [Region Free],B09YJ36QCJ,£17.00
Alien 1-6 Boxset [DVD] [2017],B071NRMHRC,£36.00
Zack Snyder's Justice League [Blu-ray] [2021] [Region Free],B08ZP3V4FY,£17.00
Star Wars Episode III: Revenge of the Sith [Blu-ray] [2020] [Region Free],B08D75XDFX,£36.00
Marvel Studios Ant-Man and The Wasp: Quantumania UHD [Blu-ray] [Region Free],B0C1L2T7FR,£36.00
The Durrells - The Complete Collection [DVD] [2019],B07QC7MWXG,£36.00
Dirty Harry Collection [Clint Eastwood] [Blu-ray] [2009] [Region Free],B002MZ1UQE,£36.00
Despicable Me 1-3 Boxset [DVD] [2017],B073BBY8JP,£24.00
Highwaymen Live [1990],B000CIXDDG,£17.00
Saving Private Ryan - 4k Ultra-HD [Blu-ray] [2018] [Region Free],B07CT4TG3F,£36.00
Kane and Abel: The Complete Mini Series,B003WP9CYA,£17.00
The Hitchhiker's Guide To The Galaxy Special Edition [Blu-ray] [2018],B07H3LQPWH,£36.00
Buffy Complete Season 1-7 - 20th Anniversary Edition [DVD] [2017],B074G3V218,£75.00
Tenet [4K Ultra-HD] [2020] [Blu-ray] [Region Free],B08MHRNMRZ,£24.00
Joker [4K Ultra-HD] [2019] [Blu-ray] [Region Free],B07YGR3Z22,£36.00
Wacky Races: The Complete Series [DVD] [2006],B000H8RW3S,£24.00
Interstellar [4K Ultra-HD] [2014] [Blu-ray] [2017] [Region A & B & C],B076B9CJ4G,£36.00
The Lord of the Rings Trilogy [Remastered Versions] [Region Free] [Blu-ray] [2001],B09GPNPJYF,£24.00
Black Sails: The Complete Collection (Seasons 1-4),B01N6UB63H,£45.00
Buffy Complete Season 1-7 - 20th Anniversary Edition [DVD] [2017],B074G3V218,£75.00
Tenet [4K Ultra-HD] [2020] [Blu-ray] [Region Free],B08MHRNMRZ,£24.00
Joker [4K Ultra-HD] [2019] [Blu-ray] [Region Free],B07YGR3Z22,£36.00
Wacky Races: The Complete Series [DVD] [2006],B000H8RW3S,£24.00
Interstellar [4K Ultra-HD] [2014] [Blu-ray] [2017] [Region A & B & C],B076B9CJ4G,£36.00
The Lord of the Rings Trilogy [Remastered Versions] [Region Free] [Blu-ray] [2001],B09GPNPJYF,£24.00
Black Sails: The Complete Collection (Seasons 1-4),B01N6UB63H,£45.00
The Batman [4K UHD] [Blu-ray] [2022] [Region Free],B09TLKP7RJ,£30.00
The Thornbirds: Complete Collection [DVD] [1983] [2010],B003IHU5HK,£17.00
The Complete Open All Hours - Series One-Four [1976],B000MC3QWK,£24.00
No Time To Die (James Bond) [4K Ultra-HD] [2021] [Blu-ray] [Region Free],B09GQ5BRC3,£24.00
Captain America 1-3 [DVD],B01HV7G062,£17.00
Firefly Complete - Series 15th Anniversary Edition [Blu-ray] [2017],B074G321XR,£30.00
Marvel Studios Avengers 1-4 Complete Boxset [DVD] [2019],B07QM94DPG,£17.00
Watching: Series 1-7 [DVD],B002MVPPPU,£105.00
Hannibal - Season 1-3 [DVD],B00ZCHUL46,£30.00
Manifest S3 [DVD] [2021],B09MJTHXLP,£24.00
Resident Evil: The Complete Collection [DVD] [2017],B06XK66C8R,£30.00
Hammer House Of Horror - Complete Collection [DVD],B00006JNBO,£30.00
Max And Paddy's Road To Nowhere [DVD],B000A8NYUA,£17.00
Deadpool 4k Ultra-HD [Blu-ray] [2016],B01ELF4L4A,£36.00
The Transformers: The Movie - 4k Ultra-HD [Blu-ray],B098H214TS,£36.00
"It Ain't Half Hot Mum - Complete Collection [DVD] [1974],packaging slightly different",B003ZUXZAY,£30.00
My Neighbour Totoro [Blu-ray + DVD] [1988],B008LU8O7M,£36.00
Mad God (Shudder) [Blu-ray],B0BJF6YRVJ,£36.00
Rocky: The Heavyweight Collection [Blu-ray] [2014],B00GTKYHVS,£36.00
Broadchurch - Series 3 [DVD] [2017],B01N10RQY9,£17.00
Crash™ Team Racing Nitro-Fueled (Xbox One),B07L4FF4PJ,£45.00
Borderlands: The Handsome Collection (PS4),B00SIZJTGU,£30.00
Zumba Burn It Up (Nintendo Switch),B07VM8R7J7,£36.00
Assassins Creed The Ezio Collection (Xbox One),B01LY6330J,£30.00
Paper Mario: The Origami King (Nintendo Switch),B088MYMD21,£90.00
LEGO Marvel Avengers (PS4),B00UAC3ZK0,£24.00
FINAL FANTASY VII REMAKE (PS4),B07SV4S75P,£30.00
Tom Clancy's Ghost Recon Wildlands (PS4),B00ZGBBVYW,£24.00
LEGO Jurassic World (PS4),B00UA9X9UO,£24.00
Tom Clancy's Ghost Recon Breakpoint (PS4),B07S1XKYGT,£24.00
Life is Strange 2 (PS4),B07Z4CJCH5,£36.00
Tom Clancy's Rainbow Six Siege (PS4),B00KJGJLAK,£17.00
Assassins Creed Odyssey (PS4),B07DJ1PVJG,£24.00
Nickelodeon Kart Racers 2: Grand Prix (PS4),B08BGPTPS2,£30.00
Tales Of Arise (PS5),B093CGG5DC,£36.00
Just Dance 2022 (PS4),B0977H2FMW,£30.00
Riders Republic (PS4),B09NMJ23YB,£36.00
Horse Club Adventures (Nintendo Switch),B08Y6RCQY2,£45.00
Monster Jam Steel Titans (PS4),B07P3M13YY,£24.00
No Man's Sky (Xbox One),B07CB6YFYC,£36.00
Warioware: Get It Together! (Nintendo Switch),B097BNVJRR,£45.00
Boardwalk Empire: The Complete Series [Blu-ray] [2010] [2015] [Region Free],B00OZKI1KW,£84.00
The Corpse Bride [Blu-ray] [2005] [Region Free],B000NY154S,£17.00
Game of Thrones: Season 4 [DVD] [2014] [2015],B00DY64C8S,£17.00
"Tinker, Tailor, Soldier, Spy / Smiley's People Double Pack [DVD] [1979]",B005CW117C,£17.00
Star Trek: Lower Decks - Season Two [Blu-ray] [Region A & B & C],B0B1JG329J,£24.00
Game of Thrones: Season 5 [Blu-ray] [2015] [Region Free],B010BY2JFS,£24.00
Casino 4k Ultra-HD [Blu-ray] [2019] [Region Free],B07W5QKGG1,£30.00
Evil Under The Sun [Blu-ray],B0757Q1LH6,£24.00
Top Gun: Maverick 4K,B09ZYSBXXW,£36.00
The Exorcist [Blu-ray] [1973] [Region Free],B003IHVKRY,£17.00
Mission: Impossible - The 6-Movie Collection (DVD) [2018],B07FPTH42Y,£17.00
Inception [4K Ultra-HD] [2010] [Blu-ray] [2017],B076BK7C33,£24.00
Die Hard - Legacy Collection (Films 1-5) [Blu-ray] [1988],B00DDVCDB2,£24.00
Downton Abbey: The Finale [DVD],B018K7M0TI,£17.00
Star Wars Episode IV: A New Hope [Blu-ray] [2020] [Region Free],B08D75HDWW,£36.00
Black Adam [Blu-ray] [2022] [2023] [Region Free],B0BJFMVQ5Q,£17.00
Peacemaker: Season 1 [Blu-ray] [2022] [Region Free],B0B13ZZV3Z,£24.00
Tales of Para Handy - Complete Series One & Two (BBC) set) [Region 2],B073FD61VG,£24.00
It's a Mad Mad Mad Mad World [The Criterion Collection] [Blu-ray] [2017],B073X66LGC,£36.00
Roots: The Complete Collection [DVD] [1977] [2007],B000W70GY6,£24.00
Superman II (Theatrical & Donner Cut) [4K Ultra HD] [1980] [Blu-ray] [Region Free],B0BVZYQJPJ,£30.00
The Royle Family: The Complete Collection,B00DPL32II,£24.00
The Goonies [4K Ultra-HD / Blu-ray] [1985] [Region Free],B085KDX85S,£36.00
Maze Runner 1-3 Boxset [DVD],B07BF3V95G,£17.00
Game of Thrones: Season 6 [Blu-ray] [2016] [Region Free],B018SBSAJ0,£30.00
The Devils (Special Edition) [DVD] [1971],B0065N0SN0,£36.00
Poldark - Complete Collection [DVD] [1977],B00WU9OGOA,£17.00
Midsomer Murders: The Complete Series Five and Six [DVD],B00264GB6U,£24.00
"Tinker, Tailor, Soldier, Spy & Smiley's People boxset [Blu-ray] [2021]",B09G3MP6LL,£36.00
Help [DVD] [2007],B000VR4AB2,£30.00
"Queen, The DVD Collection: Greatest Video Hits 1 [DVD]",B00006IU5S,£17.00
"Crouching Tiger, Hidden Dragon [4K Ultra-HD] [Blu-ray] [2019] [Region Free]",B07VGSZYSS,£24.00
"Crouching Tiger, Hidden Dragon [4K Ultra-HD] [Blu-ray] [2019] [Region Free]",B07VGSZYSS,£24.00
Maiden England '88 [DVD] [2013],B00B0FQ8NC,£30.00
Live After Death [2008],B0010X7TJ6,£24.00
George Michael - Live In London [Blu-ray] [2008] [2009] [Region Free],B002RTC93S,£17.00
Lost - The Complete Season 1-6 [Blu-ray],B003OBZ6HE,£75.00
Broadchurch: The Complete Series 1-3 [DVD],B01N7RYNKL,£24.00
Alien: Covenant [4K Ultra-HD + Blu ray] [2017] [Blu-ray],B0722V1PPK,£36.00
The Fred Dibnah Collection [DVD],B003ZJAFWG,£24.00
Cannibal Holocaust,B0BB79GK4W,£36.00
The Beatles: Get Back - Blu-ray Collector’s Set [Region Free],B09NWGBJZX,£54.00
Doctor Who – The Complete Eighth Series [Blu-ray] [2014] [Region Free],B00I3JRCCO,£24.00
Dr. Jekyll And Sister Hyde (Doubleplay) [Blu-ray] [2017],B0753Q3JYS,£24.00
The Shawshank Redemption [4K Ultra-HD] [1990] [Blu-ray] [Region Free],B099PBRYZD,£36.00
The Quatermass Collection: The Quatermass Experiment / Quatermass 2 / Quatermass & the Pit [DVD],B000772838,£30.00
Doctor Who - The Complete Ninth Series [Blu-ray] [Region Free],B019N4K10C,£36.00
Early Doors: Series 1 & 2 [DVD] [2003/2004],B000ART9VO,£17.00
The Worricker Trilogy [DVD] [2013],B00I5Q6IMU,£17.00
Strike: The Series [The Cuckoos Calling / The Silkworm / Career of Evil] [DVD] [2018],B077ZJ6V3T,£24.00
Midsomer Murders - Series 20 [DVD],B07CLVXGJG,£45.00
The Boys (2019) - Season 03 [Blu-ray],B0BPYKLKPL,£45.00
The City of Lost Children [Region Free],B0BVWSVRJ1,£36.00
Leon: Director’s Cut,B07WYGV2S1,£17.00
Resident Evil: The Complete Collection [Blu-ray] [2017],B06XJV2KC5,£36.00
Attack On Titan The Final Season Part 1 - Blu-ray,B09MJ41XFP,£36.00
The Mighty Boosh: Series 1-3 [DVD],B002BX1M10,£17.00
Teenage Mutant Ninja Turtles - Complete Seasons 1-2 (25th Anniversary Special Edition) [DVD],B001TJKVWS,£17.00
Stingray The Complete Collection [DVD],B014H82GAW,£36.00
The Brides Of Dracula (Blu-ray + DVD) [1960],B00BPX7K5Y,£24.00
Mad God (Shudder) [Blu-ray],B0BJF6YRVJ,£36.00
The Best of 80's Scream Queens (Blu-ray) (2 DISCS),B07G1V9PY4,£24.00
Godzilla vs. Kong [DVD] [2021],B0917687GK,£17.00
Carl Sagan's Cosmos [DVD] [1980],B0027UY8CW,£24.00
Jonathan Creek – The Complete Collection [DVD] [2017],B01N7QGTG9,£36.00
SAS Rogue Heroes [Blu-ray],B0BDMVN5QG,£30.00
The Muppets Bumper 6 Movie Collection [Blu-ray] [Region Free],B00LA1ZVSE,£36.00
Apocalypse Now: Final Cut BD,B07VB3WLKC,£24.00
Ever Decreasing Circles - Complete Collection [DVD],B000MGB0XI,£17.00
Downton Abbey Movie & TV Collection (Blu-ray) [2020] [Region Free],B08HW5BNFJ,£45.00
To The Manor Born: Complete Collection [DVD],B0198FZ5WK,£17.00
Dragon Ball Z Season 5 [DVD],B007R39RFC,£36.00
Marvel Studios Ant-Man and The Wasp: Quantumania Blu-ray [Region Free],B0C1KRND18,£24.00
Fight Club [Blu-ray] [1999],B002LE87R6,£17.00
"Spider-Man Triple: Home Coming, Far from Home & No Way Home [Blu-ray] [2021]",B09NMQDKMV,£30.00
Avengers: 1-4 Complete Blu-ray Boxset Includes Bonus Disk [2019] [Region Free],B07QPB5L95,£24.00
Disney & Pixar's Luca DVD [2021],B09848991D,£17.00
Supernatural: Season 13 [DVD] [2017] [2018],B07G4Q7B84,£24.00
Midsomer Murders - Series 19 Complete [DVD],B074BN9ZZ1,£36.00
Red Dwarf - The Promised Land [Blu-ray] [2020],B0851M9L81,£24.00
Marvel Studio's Thor: Love and Thunder Blu-ray [Region Free],B0B7XWSWG4,£24.00
Plague of the Zombies (Blu-ray + DVD) [1966],B006C19NQI,£30.00
Disney & Pixar's Luca 4K Ultra-HD [Blu-ray] [2021] [Region Free],B09849PX6C,£30.00
Two Doors Down Series 1 - 3 [DVD] [2018],B07FM9BF6K,£24.00
Class of 1999 (Vestron) [Blu-ray] [2018],B07L3G9QC3,£24.00
"Star Wars Trilogies - Episodes 7-9 [Blu-ray], Subtitled Spanish, Catalan [2022] [Region Free]",B09RNN3RFY,£36.00
mulholland Drive [Blu-ray] [2021] [Region Free],B09P4BZYDS,£36.00
Starsky And Hutch: The Complete Collection [DVD] [2006],B000JLTE4S,£36.00
Marvel Studio's Black Panther: Wakanda Forever Blu-ray [Region Free],B0BQN8PWBR,£24.00
X [Blu-ray],B09XN7JNX2,£24.00
1883: Season One [Blu-ray] [Region A & B & C],B0BJKSFVC8,£30.00
Death In Paradise - Series 7 [DVD] [2017],B07896998L,£17.00
Alfred Hitchcock Collection [Dial M for Murder / North By Northwest / Strangers on a Train] [Blu-ray] [1951] [Region Free],B006LMILRK,£30.00
Game of Thrones: Season 7 [Blu-ray] [2017],B0753KR5C6,£30.00
Gavin & Stacey: A Special Christmas [DVD] [2020],B0823BXNLS,£17.00
Death In Paradise - Series 9 (Includes 6 Exclusive Postcards) [DVD] [2019],B083PDBFZP,£24.00
Horrible Histories - Series 1-6 [DVD],B011BYQ1VA,£36.00
Live in Prague [Blu-Ray],B0753CGWBC,£36.00
Pride & Prejudice [Blu-ray][Region Free] [2005],B0038ONG56,£17.00
The Muppets Bumper 6 Movie Collection [Blu-ray] [Region Free],B00LA1ZVSE,£36.00
Leon: Director’s Cut 4k Ultra-HD [Blu-ray] [2019] [Region Free],B07WYGCJHS,£36.00
Black Hawk down [4k Ultra-HD + Blu-ray] [2002],B07KLFM6L5,£36.00
The Stand: A Limited Series [DVD] [2021],B09C2PYNRR,£30.00
Shazam! Fury of the Gods [Blu-ray] [2023] [Region Free],B0BGY6YJPN,£17.00
37 Days: The Countdown To World War 1,B00JDATWUW,£17.00
Death In Paradise Series 8 [DVD] [2019],B07M987B2C,£17.00
Gremlins [4K Ultra-HD] [1984] [Blu-ray] [2019],B07TFJG53F,£36.00
The Spider-Man Complete Five Film Collection [Blu-ray] [Region Free],B01IEN6RSI,£36.00
Tropic Thunder [Blu-ray] [2008] [Region Free],B001KQ031Y,£17.00
Aliens [Blu-ray] [1986],B005NGOS7W,£17.00
I Didn't Know You Cared: The Complete Collection [DVD],B000HCO598,£30.00
Bullet Train [Blu-ray],B0B6CRV6R1,£24.00
Midsommar Director's Cut,B07WDDMBW6,£24.00
The Two Ronnies: The Complete Collection [DVD],B075Y1VMNH,£54.00
Lie to Me - Complete Season 1-3 [DVD],B005MI25C6,£24.00
Norman Wisdom Collection [DVD],B001CWLFIQ,£17.00
South Park: Seasons 11-15 [DVD],B01L1P2KXW,£45.00
Sony Pictures Home Entertainment Outlander - Season 5 {DVD] [2020],B083XTGB4W,£30.00
Dragon Ball Z Season 4 [DVD],B007R39RJ8,£36.00
Blackadder Remastered - The Ultimate Edition [DVD] [1982],B001UHO0TY,£24.00
The Catherine Cookson Collection [DVD],B005D6NC74,£36.00
The Lord of the Rings Trilogy (Extended Edition Box Set) [DVD],B0002VJT2C,£45.00
The Lord of the Rings: The Motion Picture Trilogy (Extended Edition) [Blu-ray] [2001],B003AQC1CQ,£90.00
Ben-Hur [3 Disk Edition] [Blu-ray] [1959] [Region Free],B003BNY6XU,£17.00
Goodfellas [4K Ultra-HD] [1990] [Blu-ray] [2016],B01M9I9X3B,£30.00
Red Dwarf X [Blu-ray],B008RA60UY,£17.00
Kingdom Of Heaven (Director's Cut) [Blu-ray],B000K14LTA,£24.00
Only When I Laugh - The Complete Series [DVD],B001CMV1PI,£54.00
Only When I Laugh - The Complete Series [DVD],B001CMV1PI,£54.00
Case Histories - Series 1-2,B00DPL32QU,£24.00
Red Dwarf - Series XI [Blu-ray] [2016],B01LTHMS7A,£24.00
Homeland - Season 1-5 [DVD] [2016],B01BHTSIFQ,£30.00
The Texas Chainsaw Massacre (BD) [Blu-ray],B0BTHWWKRB,£30.00
Star Trek: Lower Decks - Season One [Blu-ray] [2021] [Region A & B & C],B09D3VWBZY,£24.00
Casablanca [4K Ultra HD] [1942],B0B5LRVXF6,£36.00
THE FOG 4K Ultra-HD [Blu-ray] [2019],B07MXVFX9B,£36.00
The Hobbit Trilogy [DVD] [2014] [2015],B00S80X00G,£24.00
Musketeers - The Complete Collection [DVD],B01GIHQH1O,£30.00
The Haunting [Blu-ray] [1963] [2020] [Region Free],B085KQ5KMR,£17.00
Schindler's List - 25th Anniversary Bonus Edition (Blu-ray) [2018] [Region Free],B07LC6Y586,£17.00
Who Framed Roger Rabbit 4K Ultra-HD [Blu-ray] [2021] [Region Free],B09H3TQYMT,£36.00
Princess Mononoke [Blu-ray],B00IIK6BZC,£30.00
Bullitt [Blu-ray] [1968] [Region Free],B000TTPF20,£17.00
Doctor Who - The Complete Series 11 [DVD] [2018],B07DVXH1H8,£36.00
Trolls & Trolls World Tour Double Pack (DVD) [2020],B086HJCN57,£17.00
Venom 1&2: (2018) & Let There Be Carnage,B09J5MJKH4,£24.00
THE PRIVATE LIFE OF SHERLOCK HOLMES (Masters of Cinema) (Blu-ray),B076M9MGCN,£30.00
Jumanji: The Next Level & Welcome To The Jungle [DVD] [2019],B082DXTZF9,£17.00
Pulp Fiction 4K UHD Steelbook [Blu-ray] [2022] [Region A & B & C],B0BFLTGXC8,£66.00
Revenge - Season 1-4 [DVD],B010PS002E,£36.00
Morbius [Blu-ray] [2022],B09TTTW2KJ,£17.00
Damnation Alley [Blu-ray],B075369B26,£24.00
The Age Of Innocence [The Criterion Collection] [Blu-ray] [2017],B078HP5Q53,£36.00
Doctor Who The Collection Season 8 [Blu-ray],B0BH8R92DF,£75.00
Citizen Kane [4K Ultra-HD] [1941] [Blu-ray] [Region Free],B09Q4GMLSY,£30.00
The Great Season 1 [DVD] [2021],B08SMYX1ND,£24.00
The Night Manager [DVD] [2016],B01BPBQ1SC,£17.00
Midsomer Murders: The Complete Series Fourteen [DVD],B006OA8BJM,£24.00
Terry & June - The Complete Collection [DVD],B01JRY2B1K,£30.00
Attack on Titan - Season 2(Funimation) [Blu-ray] [2018],B078RF9NZ2,£30.00
Fantastic Beasts: The Secrets of Dumbledore [4K UHD] [Blu-ray] [2022] [Region Free],B09X1XQCKS,£30.00
"Dragon Ball Movie Trilogy (Battle Of Gods, Resurrection F , Broly) [Blu-ray]",B07NHQVDX2,£24.00
